-- phpMyAdmin SQL Dump
-- version 5.2.0
-- https://www.phpmyadmin.net/
--
-- Host: 127.0.0.1
-- Generation Time: Jun 14, 2023 at 12:03 PM
-- Server version: 10.4.27-MariaDB
-- PHP Version: 8.2.0

SET SQL_MODE = "NO_AUTO_VALUE_ON_ZERO";
START TRANSACTION;
SET time_zone = "+00:00";


/*!40101 SET @OLD_CHARACTER_SET_CLIENT=@@CHARACTER_SET_CLIENT */;
/*!40101 SET @OLD_CHARACTER_SET_RESULTS=@@CHARACTER_SET_RESULTS */;
/*!40101 SET @OLD_COLLATION_CONNECTION=@@COLLATION_CONNECTION */;
/*!40101 SET NAMES utf8mb4 */;

--
-- Database: `sql_database_edoc`
--

-- --------------------------------------------------------

--
-- Table structure for table `admin`
--

CREATE TABLE `admin` (
  `aemail` varchar(255) NOT NULL,
  `apassword` varchar(255) DEFAULT NULL
) ENGINE=MyISAM DEFAULT CHARSET=latin1 COLLATE=latin1_swedish_ci;

--
-- Dumping data for table `admin`
--

INSERT INTO `admin` (`aemail`, `apassword`) VALUES
('admin@edoc.com', '123');

-- --------------------------------------------------------

--
-- Table structure for table `appointment`
--

CREATE TABLE `appointment` (
  `appoid` int(11) NOT NULL,
  `pid` int(10) DEFAULT NULL,
  `apponum` int(3) DEFAULT NULL,
  `scheduleid` int(10) DEFAULT NULL,
  `appodate` date DEFAULT NULL
) ENGINE=MyISAM DEFAULT CHARSET=latin1 COLLATE=latin1_swedish_ci;

--
-- Dumping data for table `appointment`
--

INSERT INTO `appointment` (`appoid`, `pid`, `apponum`, `scheduleid`, `appodate`) VALUES
(1, 1, 1, 1, '2022-06-03'),
(3, 3, 1, 9, '2023-05-31'),
(9, 7, 2, 10, '2023-05-31'),
(11, 7, 1, 14, '2023-06-12'),
(13, 5, 2, 14, '2023-06-12'),
(14, 10, 1, 18, '2023-06-12'),
(15, 10, 1, 17, '2023-06-12'),
(16, 11, 1, 15, '2023-06-12'),
(17, 11, 2, 11, '2023-06-12'),
(19, 5, 1, 19, '2023-06-12');

-- --------------------------------------------------------

--
-- Table structure for table `doctor`
--

CREATE TABLE `doctor` (
  `docid` int(11) NOT NULL,
  `docemail` varchar(255) DEFAULT NULL,
  `docname` varchar(255) DEFAULT NULL,
  `docpassword` varchar(255) DEFAULT NULL,
  `docnic` varchar(15) DEFAULT NULL,
  `doctel` varchar(15) DEFAULT NULL,
  `specialties` int(2) DEFAULT NULL
) ENGINE=MyISAM DEFAULT CHARSET=latin1 COLLATE=latin1_swedish_ci;

--
-- Dumping data for table `doctor`
--

INSERT INTO `doctor` (`docid`, `docemail`, `docname`, `docpassword`, `docnic`, `doctel`, `specialties`) VALUES
(1, 'doctor@edoc.com', 'Test Doctor', '123', '000000000', '0110000000', 1),
(2, 'irnakurnia@gmail.com', 'drg. Irna Kurnia', '123', 'DRG0001', '081212345678', 11);

-- --------------------------------------------------------

--
-- Table structure for table `patient`
--

CREATE TABLE `patient` (
  `pid` int(11) NOT NULL,
  `pemail` varchar(255) DEFAULT NULL,
  `pname` varchar(255) DEFAULT NULL,
  `ppassword` varchar(255) DEFAULT NULL,
  `paddress` varchar(255) DEFAULT NULL,
  `pnic` varchar(15) DEFAULT NULL,
  `pdob` date DEFAULT NULL,
  `ptel` varchar(15) DEFAULT NULL
) ENGINE=MyISAM DEFAULT CHARSET=latin1 COLLATE=latin1_swedish_ci;

--
-- Dumping data for table `patient`
--

INSERT INTO `patient` (`pid`, `pemail`, `pname`, `ppassword`, `paddress`, `pnic`, `pdob`, `ptel`) VALUES
(11, 'endang@gmail.com', 'Endang Sukamtid', '123', 'Manyar', '23423534', '2009-07-24', '081266557788'),
(10, 'bima@gmail.com', 'Bima Muktiw', '123', 'DemakCity', '2342424534', '2002-06-27', '081288993355'),
(9, 'farrel@gmail.com', 'Farrel Fakboy', '123', 'Tenggilis', '235345435', '2023-06-08', '081255667788'),
(5, 'dewangga@gmail.com', 'Dewangga Suspect', '123', 'Banyu Urip', '111111111111111', '2000-02-25', '081266775566'),
(8, 'kibow@gmail.com', 'Rizky Setyo', '123', 'Kebraon', '351510009996677', '2002-10-10', '081255664433'),
(7, 'mullet@gmail.com', 'Mullet Junior', '123', 'Mojokerto', '123456789', '2000-10-10', '081233448899');

-- --------------------------------------------------------

--
-- Table structure for table `schedule`
--

CREATE TABLE `schedule` (
  `scheduleid` int(11) NOT NULL,
  `docid` varchar(255) DEFAULT NULL,
  `title` varchar(255) DEFAULT NULL,
  `scheduledate` date DEFAULT NULL,
  `scheduletime` time DEFAULT NULL,
  `nop` int(4) DEFAULT NULL
) ENGINE=MyISAM DEFAULT CHARSET=latin1 COLLATE=latin1_swedish_ci;

--
-- Dumping data for table `schedule`
--

INSERT INTO `schedule` (`scheduleid`, `docid`, `title`, `scheduledate`, `scheduletime`, `nop`) VALUES
(11, '2', 'Session 1', '2023-06-12', '16:00:00', 1),
(12, '2', 'Session 1', '2023-06-12', '05:00:00', 1),
(10, '2', 'Session 2', '2023-05-31', '17:00:00', 1),
(9, '2', 'Session 1', '2023-05-31', '16:00:00', 1),
(13, '2', 'Session 2', '2023-06-12', '18:00:00', 2),
(14, '2', 'Session 3', '2023-06-12', '19:00:00', 3),
(15, '2', 'Session 1', '2023-07-12', '16:00:00', 1),
(16, '2', 'Session 2', '2023-07-12', '16:00:00', 2),
(17, '2', 'Session 1', '2023-08-12', '16:00:00', 1),
(18, '2', 'Session 1', '2023-12-12', '16:00:00', 1),
(19, '2', 'Session 2', '2023-08-12', '18:00:00', 2);

-- --------------------------------------------------------

--
-- Table structure for table `specialties`
--

CREATE TABLE `specialties` (
  `id` int(2) NOT NULL,
  `sname` varchar(50) DEFAULT NULL
) ENGINE=MyISAM DEFAULT CHARSET=latin1 COLLATE=latin1_swedish_ci;

--
-- Dumping data for table `specialties`
--

INSERT INTO `specialties` (`id`, `sname`) VALUES
(1, 'Accident and emergency medicine'),
(2, 'Allergology'),
(3, 'Anaesthetics'),
(4, 'Biological hematology'),
(5, 'Cardiology'),
(6, 'Child psychiatry'),
(7, 'Clinical biology'),
(8, 'Clinical chemistry'),
(9, 'Clinical neurophysiology'),
(10, 'Clinical radiology'),
(11, 'Dental, oral and maxillo-facial surgery'),
(12, 'Dermato-venerology'),
(13, 'Dermatology'),
(14, 'Endocrinology'),
(15, 'Gastro-enterologic surgery'),
(16, 'Gastroenterology'),
(17, 'General hematology'),
(18, 'General Practice'),
(19, 'General surgery'),
(20, 'Geriatrics'),
(21, 'Immunology'),
(22, 'Infectious diseases'),
(23, 'Internal medicine'),
(24, 'Laboratory medicine'),
(25, 'Maxillo-facial surgery'),
(26, 'Microbiology'),
(27, 'Nephrology'),
(28, 'Neuro-psychiatry'),
(29, 'Neurology'),
(30, 'Neurosurgery'),
(31, 'Nuclear medicine'),
(32, 'Obstetrics and gynecology'),
(33, 'Occupational medicine'),
(34, 'Ophthalmology'),
(35, 'Orthopaedics'),
(36, 'Otorhinolaryngology'),
(37, 'Paediatric surgery'),
(38, 'Paediatrics'),
(39, 'Pathology'),
(40, 'Pharmacology'),
(41, 'Physical medicine and rehabilitation'),
(42, 'Plastic surgery'),
(43, 'Podiatric Medicine'),
(44, 'Podiatric Surgery'),
(45, 'Psychiatry'),
(46, 'Public health and Preventive Medicine'),
(47, 'Radiology'),
(48, 'Radiotherapy'),
(49, 'Respiratory medicine'),
(50, 'Rheumatology'),
(51, 'Stomatology'),
(52, 'Thoracic surgery'),
(53, 'Tropical medicine'),
(54, 'Urology'),
(55, 'Vascular surgery'),
(56, 'Venereology');

-- --------------------------------------------------------

--
-- Table structure for table `webuser`
--

CREATE TABLE `webuser` (
  `email` varchar(255) NOT NULL,
  `usertype` char(1) DEFAULT NULL
) ENGINE=MyISAM DEFAULT CHARSET=latin1 COLLATE=latin1_swedish_ci;

--
-- Dumping data for table `webuser`
--

INSERT INTO `webuser` (`email`, `usertype`) VALUES
('admin@edoc.com', 'a'),
('doctor@edoc.com', 'd'),
('patient@edoc.com', 'p'),
('emhashenudara@gmail.com', 'p'),
('kibawanjay@gmail.com', 'p'),
('irnakurnia@gmail.com', 'd'),
('aldiubed@gmail.com', 'p'),
('dewangga@gmail.com', 'p'),
('samids@gmail.com', 'p'),
('mullet@gmail.com', 'p'),
('kibow@gmail.com', 'p'),
('farrel@gmail.com', 'p'),
('bima@gmail.com', 'p'),
('endang@gmail.com', 'p');

--
-- Indexes for dumped tables
--

--
-- Indexes for table `admin`
--
ALTER TABLE `admin`
  ADD PRIMARY KEY (`aemail`);

--
-- Indexes for table `appointment`
--
ALTER TABLE `appointment`
  ADD PRIMARY KEY (`appoid`),
  ADD KEY `pid` (`pid`),
  ADD KEY `scheduleid` (`scheduleid`);

--
-- Indexes for table `doctor`
--
ALTER TABLE `doctor`
  ADD PRIMARY KEY (`docid`),
  ADD KEY `specialties` (`specialties`);

--
-- Indexes for table `patient`
--
ALTER TABLE `patient`
  ADD PRIMARY KEY (`pid`);

--
-- Indexes for table `schedule`
--
ALTER TABLE `schedule`
  ADD PRIMARY KEY (`scheduleid`),
  ADD KEY `docid` (`docid`);

--
-- Indexes for table `specialties`
--
ALTER TABLE `specialties`
  ADD PRIMARY KEY (`id`);

--
-- Indexes for table `webuser`
--
ALTER TABLE `webuser`
  ADD PRIMARY KEY (`email`);

--
-- AUTO_INCREMENT for dumped tables
--

--
-- AUTO_INCREMENT for table `appointment`
--
ALTER TABLE `appointment`
  MODIFY `appoid` int(11) NOT NULL AUTO_INCREMENT, AUTO_INCREMENT=20;

--
-- AUTO_INCREMENT for table `doctor`
--
ALTER TABLE `doctor`
  MODIFY `docid` int(11) NOT NULL AUTO_INCREMENT, AUTO_INCREMENT=3;

--
-- AUTO_INCREMENT for table `patient`
--
ALTER TABLE `patient`
  MODIFY `pid` int(11) NOT NULL AUTO_INCREMENT, AUTO_INCREMENT=12;

--
-- AUTO_INCREMENT for table `schedule`
--
ALTER TABLE `schedule`
  MODIFY `scheduleid` int(11) NOT NULL AUTO_INCREMENT, AUTO_INCREMENT=20;
COMMIT;

/*!40101 SET CHARACTER_SET_CLIENT=@OLD_CHARACTER_SET_CLIENT */;
/*!40101 SET CHARACTER_SET_RESULTS=@OLD_CHARACTER_SET_RESULTS */;
/*!40101 SET COLLATION_CONNECTION=@OLD_COLLATION_CONNECTION */;
